会う,(あう),to meet,,[sound:会う.wav]
to meet,,会う,(あう),[sound:会う.wav]
青,(あお),blue,,[sound:青.wav]
blue,,青,(あお),[sound:青.wav]
青い,(あおい),blue,,[sound:青い.wav]
blue,,青い,(あおい),[sound:青い.wav]
赤,(あか),red,,[sound:赤.wav]
red,,赤,(あか),[sound:赤.wav]
赤い,(あかい),red,,[sound:赤い.wav]
red,,赤い,(あかい),[sound:赤い.wav]
明い,(あかるい),bright,,[sound:明い.wav]
bright,,明い,(あかるい),[sound:明い.wav]
秋,(あき),autumn,,[sound:秋.wav]
autumn,,秋,(あき),[sound:秋.wav]
開く,(あく),"to open, to become open",,[sound:開く.wav]
"to open, to become open",,開く,(あく),[sound:開く.wav]
開ける,(あける),to open,,[sound:開ける.wav]
to open,,開ける,(あける),[sound:開ける.wav]
上げる,(あげる),to give,,[sound:上げる.wav]
to give,,上げる,(あげる),[sound:上げる.wav]
朝,(あさ),morning,,[sound:朝.wav]
morning,,朝,(あさ),[sound:朝.wav]
朝御飯,(あさごはん),breakfast,,[sound:朝御飯.wav]
breakfast,,朝御飯,(あさごはん),[sound:朝御飯.wav]
あさって,,day after tomorrow,,[sound:あさって.wav]
day after tomorrow,,あさって,,[sound:あさって.wav]
足,(あし),"foot, leg",,[sound:足.wav]
"foot, leg",,足,(あし),[sound:足.wav]
明日,(あした),tomorrow,,[sound:明日.wav]
tomorrow,,明日,(あした),[sound:明日.wav]
あそこ,,over there,,[sound:あそこ.wav]
over there,,あそこ,,[sound:あそこ.wav]
遊ぶ,(あそぶ),"to play, to make a visit",,[sound:遊ぶ.wav]
"to play, to make a visit",,遊ぶ,(あそぶ),[sound:遊ぶ.wav]
暖かい,(あたたかい),warm,,[sound:暖かい.wav]
warm,,暖かい,(あたたかい),[sound:暖かい.wav]
頭,(あたま),head,,[sound:頭.wav]
head,,頭,(あたま),[sound:頭.wav]
新しい,(あたらしい),new,,[sound:新しい.wav]
new,,新しい,(あたらしい),[sound:新しい.wav]
あちら,,there,,[sound:あちら.wav]
there,,あちら,,[sound:あちら.wav]
暑い,(あつい),hot,,[sound:暑い.wav]
hot,,暑い,(あつい),[sound:暑い.wav]
熱い,(あつい),hot to the touch,,[sound:熱い.wav]
hot to the touch,,熱い,(あつい),[sound:熱い.wav]
厚い,(あつい),"kind, deep, thick",,[sound:厚い.wav]
"kind, deep, thick",,厚い,(あつい),[sound:厚い.wav]
あっち,,over there,,[sound:あっち.wav]
over there,,あっち,,[sound:あっち.wav]
後,(あと),afterwards,,[sound:後.wav]
afterwards,,後,(あと),[sound:後.wav]
貴方,(あなた),you,,[sound:貴方.wav]
you,,貴方,(あなた),[sound:貴方.wav]
兄,(あに),(humble) older brother,,[sound:兄.wav]
(humble) older brother,,兄,(あに),[sound:兄.wav]
姉,(あね),(humble) older sister,,[sound:姉.wav]
(humble) older sister,,姉,(あね),[sound:姉.wav]
あの,,um...,,[sound:あの.wav]
um...,,あの,,[sound:あの.wav]
アパート,,apartment,,[sound:アパート.wav]
apartment,,アパート,,[sound:アパート.wav]
あびる,,"to bathe, to shower",,[sound:あびる.wav]
"to bathe, to shower",,あびる,,[sound:あびる.wav]
危ない,(あぶない),dangerous,,[sound:危ない.wav]
dangerous,,危ない,(あぶない),[sound:危ない.wav]
甘い,(あまい),sweet,,[sound:甘い.wav]
sweet,,甘い,(あまい),[sound:甘い.wav]
あまり,,not very,,[sound:あまり.wav]
not very,,あまり,,[sound:あまり.wav]
雨,(あめ),rain,,[sound:雨.wav]
rain,,雨,(あめ),[sound:雨.wav]
飴,(あめ),candy,,[sound:飴.wav]
candy,,飴,(あめ),[sound:飴.wav]
洗う,(あらう),to wash,,[sound:洗う.wav]
to wash,,洗う,(あらう),[sound:洗う.wav]
有る,(ある),"to be,to have (used for inanimate objects)",,[sound:有る.wav]
"to be,to have (used for inanimate objects)",,有る,(ある),[sound:有る.wav]
歩く,(あるく),to walk,,[sound:歩く.wav]
to walk,,歩く,(あるく),[sound:歩く.wav]
あれ,,that,,[sound:あれ.wav]
that,,あれ,,[sound:あれ.wav]
いい,,good,,[sound:いい.wav]
good,,いい,,[sound:いい.wav]
良い,(よい),good,,[sound:良い.wav]
good,,良い,(よい),[sound:良い.wav]
いいえ,,no,,[sound:いいえ.wav]
no,,いいえ,,[sound:いいえ.wav]
言う,(いう),to say,,[sound:言う.wav]
to say,,言う,(いう),[sound:言う.wav]
家,(いえ),house,,[sound:家.wav]
house,,家,(いえ),[sound:家.wav]
いかが,,how,,[sound:いかが.wav]
how,,いかが,,[sound:いかが.wav]
行く,(いく),to go,,[sound:行く.wav]
to go,,行く,(いく),[sound:行く.wav]
いくつ,,"how many?,how old?",,[sound:いくつ.wav]
"how many?,how old?",,いくつ,,[sound:いくつ.wav]
いくら,,how much?,,[sound:いくら.wav]
how much?,,いくら,,[sound:いくら.wav]
池,(いけ),pond,,[sound:池.wav]
pond,,池,(いけ),[sound:池.wav]
医者,(いしゃ),medical doctor,,[sound:医者.wav]
medical doctor,,医者,(いしゃ),[sound:医者.wav]
いす,,chair,,[sound:いす.wav]
chair,,いす,,[sound:いす.wav]
忙しい,(いそがしい),"busy, irritated",,[sound:忙しい.wav]
"busy, irritated",,忙しい,(いそがしい),[sound:忙しい.wav]
痛い,(いたい),painful,,[sound:痛い.wav]
painful,,痛い,(いたい),[sound:痛い.wav]
一,(いち),one,,[sound:一.wav]
one,,一,(いち),[sound:一.wav]
一日,(いちにち),first of the month,,[sound:一日.wav]
first of the month,,一日,(いちにち),[sound:一日.wav]
いちばん,,"best, first",,[sound:いちばん.wav]
"best, first",,いちばん,,[sound:いちばん.wav]
何時,(いつ),when,,[sound:何時.wav]
when,,何時,(いつ),[sound:何時.wav]
五日,(いつか),"five days, fifth day",,[sound:五日.wav]
"five days, fifth day",,五日,(いつか),[sound:五日.wav]
一緒,(いっしょ),together,,[sound:一緒.wav]
together,,一緒,(いっしょ),[sound:一緒.wav]
五つ,(いつつ),five,,[sound:五つ.wav]
five,,五つ,(いつつ),[sound:五つ.wav]
いつも,,always,,[sound:いつも.wav]
always,,いつも,,[sound:いつも.wav]
犬,(いぬ),dog,,[sound:犬.wav]
dog,,犬,(いぬ),[sound:犬.wav]
今,(いま),now,,[sound:今.wav]
now,,今,(いま),[sound:今.wav]
意味,(いみ),meaning,,[sound:意味.wav]
meaning,,意味,(いみ),[sound:意味.wav]
妹,(いもうと),(humble) younger sister,,[sound:妹.wav]
(humble) younger sister,,妹,(いもうと),[sound:妹.wav]
嫌,(いや),unpleasant,,[sound:嫌.wav]
unpleasant,,嫌,(いや),[sound:嫌.wav]
入口,(いりぐち),entrance,,[sound:入口.wav]
entrance,,入口,(いりぐち),[sound:入口.wav]
居る,(いる),"to be, to have (used for people and animals)",,[sound:居る.wav]
"to be, to have (used for people and animals)",,居る,(いる),[sound:居る.wav]
要る,(いる),to need,,[sound:要る.wav]
to need,,要る,(いる),[sound:要る.wav]
入れる,(いれる),to put in,,[sound:入れる.wav]
to put in,,入れる,(いれる),[sound:入れる.wav]
色,(いろ),colour,,[sound:色.wav]
colour,,色,(いろ),[sound:色.wav]
いろいろ,,various,,[sound:いろいろ.wav]
various,,いろいろ,,[sound:いろいろ.wav]
上,(うえ),on top of,,[sound:上.wav]
on top of,,上,(うえ),[sound:上.wav]
後ろ,(うしろ),behind,,[sound:後ろ.wav]
behind,,後ろ,(うしろ),[sound:後ろ.wav]
薄い,(うすい),"thin,weak",,[sound:薄い.wav]
"thin,weak",,薄い,(うすい),[sound:薄い.wav]
歌,(うた),song,,[sound:歌.wav]
song,,歌,(うた),[sound:歌.wav]
歌う,(うたう),to sing,,[sound:歌う.wav]
to sing,,歌う,(うたう),[sound:歌う.wav]
生まれる,(うまれる),to be born,,[sound:生まれる.wav]
to be born,,生まれる,(うまれる),[sound:生まれる.wav]
海,(うみ),sea,,[sound:海.wav]
sea,,海,(うみ),[sound:海.wav]
売る,(うる),to sell,,[sound:売る.wav]
to sell,,売る,(うる),[sound:売る.wav]
煩い,(うるさい),"noisy, annoying",,[sound:煩い.wav]
"noisy, annoying",,煩い,(うるさい),[sound:煩い.wav]
上着,(うわぎ),jacket,,[sound:上着.wav]
jacket,,上着,(うわぎ),[sound:上着.wav]
絵,(え),picture,,[sound:絵.wav]
picture,,絵,(え),[sound:絵.wav]
映画,(えいが),movie,,[sound:映画.wav]
movie,,映画,(えいが),[sound:映画.wav]
映画館,(えいがかん),cinema,,[sound:映画館.wav]
cinema,,映画館,(えいがかん),[sound:映画館.wav]
英語,(えいご),English language,,[sound:英語.wav]
English language,,英語,(えいご),[sound:英語.wav]
ええ,,yes,,[sound:ええ.wav]
yes,,ええ,,[sound:ええ.wav]
駅,(えき),station,,[sound:駅.wav]
station,,駅,(えき),[sound:駅.wav]
エレベーター,,elevator,,[sound:エレベーター.wav]
elevator,,エレベーター,,[sound:エレベーター.wav]
鉛筆,(えんぴつ),pencil,,[sound:鉛筆.wav]
pencil,,鉛筆,(えんぴつ),[sound:鉛筆.wav]
おいしい,,delicious,,[sound:おいしい.wav]
delicious,,おいしい,,[sound:おいしい.wav]
多い,(おおい),many,,[sound:多い.wav]
many,,多い,(おおい),[sound:多い.wav]
大きい,(おおきい),big,,[sound:大きい.wav]
big,,大きい,(おおきい),[sound:大きい.wav]
大きな,(おおきな),big,,[sound:大きな.wav]
big,,大きな,(おおきな),[sound:大きな.wav]
大勢,(おおぜい),great number of people,,[sound:大勢.wav]
great number of people,,大勢,(おおぜい),[sound:大勢.wav]
お母さん,(おかあさん),(honorable) mother,,[sound:お母さん.wav]
(honorable) mother,,お母さん,(おかあさん),[sound:お母さん.wav]
お菓子,(おかし),"sweets, candy",,[sound:お菓子.wav]
"sweets, candy",,お菓子,(おかし),[sound:お菓子.wav]
お金,(おかね),money,,[sound:お金.wav]
money,,お金,(おかね),[sound:お金.wav]
起きる,(おきる),to get up,,[sound:起きる.wav]
to get up,,起きる,(おきる),[sound:起きる.wav]
置く,(おく),to put,,[sound:置く.wav]
to put,,置く,(おく),[sound:置く.wav]
奥さん,(おくさん),(honorable) wife,,[sound:奥さん.wav]
(honorable) wife,,奥さん,(おくさん),[sound:奥さん.wav]
お酒,(おさけ),"alcohol, rice wine",,[sound:お酒.wav]
"alcohol, rice wine",,お酒,(おさけ),[sound:お酒.wav]
お皿,(おさら),"plate, dish",,[sound:お皿.wav]
"plate, dish",,お皿,(おさら),[sound:お皿.wav]
おじいさん,,"grandfather, male senior citizen",,[sound:おじいさん.wav]
"grandfather, male senior citizen",,おじいさん,,[sound:おじいさん.wav]
教える,(おしえる),"to teach, to tell",,[sound:教える.wav]
"to teach, to tell",,教える,(おしえる),[sound:教える.wav]
おじさん,,"uncle, middle aged gentleman",,[sound:おじさん.wav]
"uncle, middle aged gentleman",,おじさん,,[sound:おじさん.wav]
押す,(おす),"to push, to stamp something",,[sound:押す.wav]
"to push, to stamp something",,押す,(おす),[sound:押す.wav]
遅い,(おそい),"late, slow",,[sound:遅い.wav]
"late, slow",,遅い,(おそい),[sound:遅い.wav]
お茶,(おちゃ),green tea,,[sound:お茶.wav]
green tea,,お茶,(おちゃ),[sound:お茶.wav]
お手洗い,(おてあらい),bathroom,,[sound:お手洗い.wav]
bathroom,,お手洗い,(おてあらい),[sound:お手洗い.wav]
お父さん,(おとうさん),(honorable) father,,[sound:お父さん.wav]
(honorable) father,,お父さん,(おとうさん),[sound:お父さん.wav]
弟,(おとうと),younger brother,,[sound:弟.wav]
younger brother,,弟,(おとうと),[sound:弟.wav]
男,(おとこ),Man,,[sound:男.wav]
Man,,男,(おとこ),[sound:男.wav]
男の子,(おとこのこ),Boy,,[sound:男の子.wav]
Boy,,男の子,(おとこのこ),[sound:男の子.wav]
一昨日,(おととい),day before yesterday,,[sound:一昨日.wav]
day before yesterday,,一昨日,(おととい),[sound:一昨日.wav]
一昨年,(おととし),year before last,,[sound:一昨年.wav]
year before last,,一昨年,(おととし),[sound:一昨年.wav]
大人,(おとな),Adult,,[sound:大人.wav]
Adult,,大人,(おとな),[sound:大人.wav]
おなか,,stomach,,[sound:おなか.wav]
stomach,,おなか,,[sound:おなか.wav]
同じ,(おなじ),same,,[sound:同じ.wav]
same,,同じ,(おなじ),[sound:同じ.wav]
お兄さん,(おにいさん),(honorable) older brother,,[sound:お兄さん.wav]
(honorable) older brother,,お兄さん,(おにいさん),[sound:お兄さん.wav]
お姉さん,(おねえさん),(honorable) older sister,,[sound:お姉さん.wav]
(honorable) older sister,,お姉さん,(おねえさん),[sound:お姉さん.wav]
おばあさん,,"grandmother, female senior-citizen",,[sound:おばあさん.wav]
"grandmother, female senior-citizen",,おばあさん,,[sound:おばあさん.wav]
伯母さん,(おばさん),Aunt,,[sound:伯母さん.wav]
Aunt,,伯母さん,(おばさん),[sound:伯母さん.wav]
お風呂,(おふろ),Bath,,[sound:お風呂.wav]
Bath,,お風呂,(おふろ),[sound:お風呂.wav]
お弁当,(おべんとう),boxed lunch,,[sound:お弁当.wav]
boxed lunch,,お弁当,(おべんとう),[sound:お弁当.wav]
覚える,(おぼえる),to remember,,[sound:覚える.wav]
to remember,,覚える,(おぼえる),[sound:覚える.wav]
おまわりさん,,friendly term for policeman,,[sound:おまわりさん.wav]
friendly term for policeman,,おまわりさん,,[sound:おまわりさん.wav]
重い,(おもい),Heavy,,[sound:重い.wav]
Heavy,,重い,(おもい),[sound:重い.wav]
おもしろい,,Interesting,,[sound:おもしろい.wav]
Interesting,,おもしろい,,[sound:おもしろい.wav]
泳ぐ,(およぐ),to swim,,[sound:泳ぐ.wav]
to swim,,泳ぐ,(およぐ),[sound:泳ぐ.wav]
降りる,(おりる),"to get off, to descend",,[sound:降りる.wav]
"to get off, to descend",,降りる,(おりる),[sound:降りる.wav]
終る,(おわる),to finish,,[sound:終る.wav]
to finish,,終る,(おわる),[sound:終る.wav]
音楽,(おんがく),Music,,[sound:音楽.wav]
Music,,音楽,(おんがく),[sound:音楽.wav]
女,(おんな),Woman,,[sound:女.wav]
Woman,,女,(おんな),[sound:女.wav]
女の子,(おんなのこ),Girl,,[sound:女の子.wav]
Girl,,女の子,(おんなのこ),[sound:女の子.wav]
外国,(がいこく),foreign country,,[sound:外国.wav]
foreign country,,外国,(がいこく),[sound:外国.wav]
外国人,(がいこくじん),Foreigner,,[sound:外国人.wav]
Foreigner,,外国人,(がいこくじん),[sound:外国人.wav]
会社,(かいしゃ),Company,,[sound:会社.wav]
Company,,会社,(かいしゃ),[sound:会社.wav]
階段,(かいだん),Stairs,,[sound:階段.wav]
Stairs,,階段,(かいだん),[sound:階段.wav]
買い物,(かいもの),Shopping,,[sound:買い物.wav]
Shopping,,買い物,(かいもの),[sound:買い物.wav]
買う,(かう),to buy,,[sound:買う.wav]
to buy,,買う,(かう),[sound:買う.wav]
返す,(かえす),to return something,,[sound:返す.wav]
to return something,,返す,(かえす),[sound:返す.wav]
帰る,(かえる),to go back,,[sound:帰る.wav]
to go back,,帰る,(かえる),[sound:帰る.wav]
掛かる,(かかる),to take time or money,,[sound:掛かる.wav]
to take time or money,,掛かる,(かかる),[sound:掛かる.wav]
鍵,(かぎ),Key,,[sound:鍵.wav]
Key,,鍵,(かぎ),[sound:鍵.wav]
書く,(かく),to write,,[sound:書く.wav]
to write,,書く,(かく),[sound:書く.wav]
学生,(がくせい),Student,,[sound:学生.wav]
Student,,学生,(がくせい),[sound:学生.wav]
掛ける,(かける),to call by phone,,[sound:掛ける.wav]
to call by phone,,掛ける,(かける),[sound:掛ける.wav]
傘,(かさ),Umbrella,,[sound:傘.wav]
Umbrella,,傘,(かさ),[sound:傘.wav]
貸す,(かす),to lend,,[sound:貸す.wav]
to lend,,貸す,(かす),[sound:貸す.wav]
風,(かぜ),Wind,,[sound:風.wav]
Wind,,風,(かぜ),[sound:風.wav]
風邪,(かぜ),a cold,,[sound:風邪.wav]
a cold,,風邪,(かぜ),[sound:風邪.wav]
家族,(かぞく),Family,,[sound:家族.wav]
Family,,家族,(かぞく),[sound:家族.wav]
方,(かた),"person, way of doing",,[sound:方.wav]
"person, way of doing",,方,(かた),[sound:方.wav]
学校,(がっこう),School,,[sound:学校.wav]
School,,学校,(がっこう),[sound:学校.wav]
カップ,,Cup,,[sound:カップ.wav]
Cup,,カップ,,[sound:カップ.wav]
家庭,(かてい),Household,,[sound:家庭.wav]
Household,,家庭,(かてい),[sound:家庭.wav]
角,(かど),a corner,,[sound:角.wav]
a corner,,角,(かど),[sound:角.wav]
鞄,(かばん),"bag, basket",,[sound:鞄.wav]
"bag, basket",,鞄,(かばん),[sound:鞄.wav]
花瓶,(かびん),a vase,,[sound:花瓶.wav]
a vase,,花瓶,(かびん),[sound:花瓶.wav]
紙,(かみ),paper,,[sound:紙.wav]
paper,,紙,(かみ),[sound:紙.wav]
カメラ,,camera,,[sound:カメラ.wav]
camera,,カメラ,,[sound:カメラ.wav]
火曜日,(かようび),Tuesday,,[sound:火曜日.wav]
Tuesday,,火曜日,(かようび),[sound:火曜日.wav]
辛い,(からい),Spicy,,[sound:辛い.wav]
Spicy,,辛い,(からい),[sound:辛い.wav]
体,(からだ),Body,,[sound:体.wav]
Body,,体,(からだ),[sound:体.wav]
借りる,(かりる),to borrow,,[sound:借りる.wav]
to borrow,,借りる,(かりる),[sound:借りる.wav]
軽い,(かるい),Light,,[sound:軽い.wav]
Light,,軽い,(かるい),[sound:軽い.wav]
カレー,,Curry,,[sound:カレー.wav]
Curry,,カレー,,[sound:カレー.wav]
カレンダー,,calendar,,[sound:カレンダー.wav]
calendar,,カレンダー,,[sound:カレンダー.wav]
川,(かわ),River,,[sound:川.wav]
River,,川,(かわ),[sound:川.wav]
河,(かわ),River,,[sound:河.wav]
River,,河,(かわ),[sound:河.wav]
かわいい,,Cute,,[sound:かわいい.wav]
Cute,,かわいい,,[sound:かわいい.wav]
漢字,(かんじ),Chinese character,,[sound:漢字.wav]
Chinese character,,漢字,(かんじ),[sound:漢字.wav]
木,(き),"tree, wood",,[sound:木.wav]
"tree, wood",,木,(き),[sound:木.wav]
黄色,(きいろ),yellow,,[sound:黄色.wav]
yellow,,黄色,(きいろ),[sound:黄色.wav]
黄色い,(きいろい),yellow,,[sound:黄色い.wav]
yellow,,黄色い,(きいろい),[sound:黄色い.wav]
消える,(きえる),to disappear,,[sound:消える.wav]
to disappear,,消える,(きえる),[sound:消える.wav]
聞く,(きく),"to hear, to listen to, to ask",,[sound:聞く.wav]
"to hear, to listen to, to ask",,聞く,(きく),[sound:聞く.wav]
北,(きた),North,,[sound:北.wav]
North,,北,(きた),[sound:北.wav]
ギター,,Guitar,,[sound:ギター.wav]
Guitar,,ギター,,[sound:ギター.wav]
汚い,(きたない),Dirty,,[sound:汚い.wav]
Dirty,,汚い,(きたない),[sound:汚い.wav]
喫茶店,(きっさてん),coffee lounge,,[sound:喫茶店.wav]
coffee lounge,,喫茶店,(きっさてん),[sound:喫茶店.wav]
切手,(きって),postage stamp,,[sound:切手.wav]
postage stamp,,切手,(きって),[sound:切手.wav]
切符,(きっぷ),Ticket,,[sound:切符.wav]
Ticket,,切符,(きっぷ),[sound:切符.wav]
昨日,(きのう),Yesterday,,[sound:昨日.wav]
Yesterday,,昨日,(きのう),[sound:昨日.wav]
九,(きゅう),Nine,,[sound:九.wav]
Nine,,九,(きゅう),[sound:九.wav]
九,(く),Nine,,[sound:九.wav]
Nine,,九,(く),[sound:九.wav]
牛肉,(ぎゅうにく),Beef,,[sound:牛肉.wav]
Beef,,牛肉,(ぎゅうにく),[sound:牛肉.wav]
牛乳,(ぎゅうにゅう),Milk,,[sound:牛乳.wav]
Milk,,牛乳,(ぎゅうにゅう),[sound:牛乳.wav]
今日,(きょう),Today,,[sound:今日.wav]
Today,,今日,(きょう),[sound:今日.wav]
教室,(きょうしつ),Classroom,,[sound:教室.wav]
Classroom,,教室,(きょうしつ),[sound:教室.wav]
兄弟,(きょうだい),(humble) siblings,,[sound:兄弟.wav]
(humble) siblings,,兄弟,(きょうだい),[sound:兄弟.wav]
去年,(きょねん),last year,,[sound:去年.wav]
last year,,去年,(きょねん),[sound:去年.wav]
嫌い,(きらい),Hate,,[sound:嫌い.wav]
Hate,,嫌い,(きらい),[sound:嫌い.wav]
切る,(きる),to cut,,[sound:切る.wav]
to cut,,切る,(きる),[sound:切る.wav]
着る,(きる),to put on from the shoulders down,,[sound:着る.wav]
to put on from the shoulders down,,着る,(きる),[sound:着る.wav]
きれい,,"pretty, clean",,[sound:きれい.wav]
"pretty, clean",,きれい,,[sound:きれい.wav]
キロ,,Kilogram,,[sound:キロ.wav]
Kilogram,,キロ,,[sound:キロ.wav]
キログラム,,Kilogram,,[sound:キログラム.wav]
Kilogram,,キログラム,,[sound:キログラム.wav]
キロメートル,,Kilometer,,[sound:キロメートル.wav]
Kilometer,,キロメートル,,[sound:キロメートル.wav]
銀行,(ぎんこう),Bank,,[sound:銀行.wav]
Bank,,銀行,(ぎんこう),[sound:銀行.wav]
金曜日,(きんようび),Friday,,[sound:金曜日.wav]
Friday,,金曜日,(きんようび),[sound:金曜日.wav]
薬,(くすり),medicine,,[sound:薬.wav]
medicine,,薬,(くすり),[sound:薬.wav]
ください,,Please,,[sound:ください.wav]
Please,,ください,,[sound:ください.wav]
果物,(くだもの),Fruit,,[sound:果物.wav]
Fruit,,果物,(くだもの),[sound:果物.wav]
口,(くち),"mouth, opening",,[sound:口.wav]
"mouth, opening",,口,(くち),[sound:口.wav]
靴,(くつ),Shoes,,[sound:靴.wav]
Shoes,,靴,(くつ),[sound:靴.wav]
靴下,(くつした),Socks,,[sound:靴下.wav]
Socks,,靴下,(くつした),[sound:靴下.wav]
国,(くに),Country,,[sound:国.wav]
Country,,国,(くに),[sound:国.wav]
曇り,(くもり),cloudy weather,,[sound:曇り.wav]
cloudy weather,,曇り,(くもり),[sound:曇り.wav]
曇る,(くもる),"to become cloudy, to become dim",,[sound:曇る.wav]
"to become cloudy, to become dim",,曇る,(くもる),[sound:曇る.wav]
暗い,(くらい),Gloomy,,[sound:暗い.wav]
Gloomy,,暗い,(くらい),[sound:暗い.wav]
クラス,,Class,,[sound:クラス.wav]
Class,,クラス,,[sound:クラス.wav]
グラム,,Gram,,[sound:グラム.wav]
Gram,,グラム,,[sound:グラム.wav]
来る,(くる),to come,,[sound:来る.wav]
to come,,来る,(くる),[sound:来る.wav]
車,(くるま),"car, vehicle",,[sound:車.wav]
"car, vehicle",,車,(くるま),[sound:車.wav]
黒,(くろ),Black,,[sound:黒.wav]
Black,,黒,(くろ),[sound:黒.wav]
黒い,(くろい),black,,[sound:黒い.wav]
black,,黒い,(くろい),[sound:黒い.wav]
警官,(けいかん),policeman,,[sound:警官.wav]
policeman,,警官,(けいかん),[sound:警官.wav]
今朝,(けさ),this morning,,[sound:今朝.wav]
this morning,,今朝,(けさ),[sound:今朝.wav]
消す,(けす),"to erase, to turn off power",,[sound:消す.wav]
"to erase, to turn off power",,消す,(けす),[sound:消す.wav]
結構,(けっこう),"splendid, enough",,[sound:結構.wav]
"splendid, enough",,結構,(けっこう),[sound:結構.wav]
結婚,(けっこん),Marriage,,[sound:結婚.wav]
Marriage,,結婚,(けっこん),[sound:結婚.wav]
月曜日,(げつようび),Monday,,[sound:月曜日.wav]
Monday,,月曜日,(げつようび),[sound:月曜日.wav]
玄関,(げんかん),entry hall,,[sound:玄関.wav]
entry hall,,玄関,(げんかん),[sound:玄関.wav]
元気,(げんき),"health, vitality",,[sound:元気.wav]
"health, vitality",,元気,(げんき),[sound:元気.wav]
五,(ご),Five,,[sound:五.wav]
Five,,五,(ご),[sound:五.wav]
公園,(こうえん),Park,,[sound:公園.wav]
Park,,公園,(こうえん),[sound:公園.wav]
交差点,(こうさてん),intersection,,[sound:交差点.wav]
intersection,,交差点,(こうさてん),[sound:交差点.wav]
紅茶,(こうちゃ),black tea,,[sound:紅茶.wav]
black tea,,紅茶,(こうちゃ),[sound:紅茶.wav]
交番,(こうばん),police box,,[sound:交番.wav]
police box,,交番,(こうばん),[sound:交番.wav]
声,(こえ),Voice,,[sound:声.wav]
Voice,,声,(こえ),[sound:声.wav]
コート,,"coat, tennis court",,[sound:コート.wav]
"coat, tennis court",,コート,,[sound:コート.wav]
コーヒー,,Coffee,,[sound:コーヒー.wav]
Coffee,,コーヒー,,[sound:コーヒー.wav]
此処,(ここ),Here,,[sound:此処.wav]
Here,,此処,(ここ),[sound:此処.wav]
午後,(ごご),afternoon,,[sound:午後.wav]
afternoon,,午後,(ごご),[sound:午後.wav]
九日,(ここのか),"nine days, ninth day",,[sound:九日.wav]
"nine days, ninth day",,九日,(ここのか),[sound:九日.wav]
九つ,(ここのつ),Nine,,[sound:九つ.wav]
Nine,,九つ,(ここのつ),[sound:九つ.wav]
午前,(ごぜん),morning,,[sound:午前.wav]
morning,,午前,(ごぜん),[sound:午前.wav]
答える,(こたえる),to answer,,[sound:答える.wav]
to answer,,答える,(こたえる),[sound:答える.wav]
こちら,,this person or way,,[sound:こちら.wav]
this person or way,,こちら,,[sound:こちら.wav]
此方,(こっち),this person or way,,[sound:此方.wav]
this person or way,,此方,(こっち),[sound:此方.wav]
コップ,,a glass,,[sound:コップ.wav]
a glass,,コップ,,[sound:コップ.wav]
今年,(ことし),this year,,[sound:今年.wav]
this year,,今年,(ことし),[sound:今年.wav]
言葉,(ことば),"word, language",,[sound:言葉.wav]
"word, language",,言葉,(ことば),[sound:言葉.wav]
子供,(こども),Child,,[sound:子供.wav]
Child,,子供,(こども),[sound:子供.wav]
此の,(この),This,,[sound:此の.wav]
This,,此の,(この),[sound:此の.wav]
御飯,(ごはん),"cooked rice, meal",,[sound:御飯.wav]
"cooked rice, meal",,御飯,(ごはん),[sound:御飯.wav]
コピー,,to copy,,[sound:コピー.wav]
to copy,,コピー,,[sound:コピー.wav]
困る,(こまる),to be worried,,[sound:困る.wav]
to be worried,,困る,(こまる),[sound:困る.wav]
これ,,This,,[sound:これ.wav]
This,,これ,,[sound:これ.wav]
今月,(こんげつ),this month,,[sound:今月.wav]
this month,,今月,(こんげつ),[sound:今月.wav]
今週,(こんしゅう),this week,,[sound:今週.wav]
this week,,今週,(こんしゅう),[sound:今週.wav]
こんな,,Such,,[sound:こんな.wav]
Such,,こんな,,[sound:こんな.wav]
今晩,(こんばん),this evening,,[sound:今晩.wav]
this evening,,今晩,(こんばん),[sound:今晩.wav]
さあ,,well…,,[sound:さあ.wav]
well…,,さあ,,[sound:さあ.wav]
財布,(さいふ),Wallet,,[sound:財布.wav]
Wallet,,財布,(さいふ),[sound:財布.wav]
魚,(さかな),Fish,,[sound:魚.wav]
Fish,,魚,(さかな),[sound:魚.wav]
先,(さき),"the future, previous",,[sound:先.wav]
"the future, previous",,先,(さき),[sound:先.wav]
咲く,(さく),to bloom,,[sound:咲く.wav]
to bloom,,咲く,(さく),[sound:咲く.wav]
作文,(さくぶん),"composition, writing",,[sound:作文.wav]
"composition, writing",,作文,(さくぶん),[sound:作文.wav]
差す,(さす),"to stretch out hands, to raise an umbrella",,[sound:差す.wav]
"to stretch out hands, to raise an umbrella",,差す,(さす),[sound:差す.wav]
雑誌,(ざっし),Magazine,,[sound:雑誌.wav]
Magazine,,雑誌,(ざっし),[sound:雑誌.wav]
砂糖,(さとう),Sugar,,[sound:砂糖.wav]
Sugar,,砂糖,(さとう),[sound:砂糖.wav]
寒い,(さむい),Cold,,[sound:寒い.wav]
Cold,,寒い,(さむい),[sound:寒い.wav]
さ来年,(さらいねん),year after next,,[sound:さ来年.wav]
year after next,,さ来年,(さらいねん),[sound:さ来年.wav]
三,(さん),Three,,[sound:三.wav]
Three,,三,(さん),[sound:三.wav]
散歩,(さんぽ),to stroll,,[sound:散歩.wav]
to stroll,,散歩,(さんぽ),[sound:散歩.wav]
四,(し),Four,,[sound:四.wav]
Four,,四,(し),[sound:四.wav]
四,(よん),Four,,[sound:四.wav]
Four,,四,(よん),[sound:四.wav]
塩,(しお),Salt,,[sound:塩.wav]
Salt,,塩,(しお),[sound:塩.wav]
然し,(しかし),However,,[sound:然し.wav]
However,,然し,(しかし),[sound:然し.wav]
時間,(じかん),Time,,[sound:時間.wav]
Time,,時間,(じかん),[sound:時間.wav]
仕事,(しごと),Job,,[sound:仕事.wav]
Job,,仕事,(しごと),[sound:仕事.wav]
辞書,(じしょ),Dictionary,,[sound:辞書.wav]
Dictionary,,辞書,(じしょ),[sound:辞書.wav]
静か,(しずか),Quiet,,[sound:静か.wav]
Quiet,,静か,(しずか),[sound:静か.wav]
下,(した),Below,,[sound:下.wav]
Below,,下,(した),[sound:下.wav]
七,(しち),Seven,,[sound:七.wav]
Seven,,七,(しち),[sound:七.wav]
七,(なな),Seven,,[sound:七.wav]
Seven,,七,(なな),[sound:七.wav]
質問,(しつもん),Question,,[sound:質問.wav]
Question,,質問,(しつもん),[sound:質問.wav]
自転車,(じてんしゃ),Bicycle,,[sound:自転車.wav]
Bicycle,,自転車,(じてんしゃ),[sound:自転車.wav]
自動車,(じどうしゃ),Automobile,,[sound:自動車.wav]
Automobile,,自動車,(じどうしゃ),[sound:自動車.wav]
死ぬ,(しぬ),to die,,[sound:死ぬ.wav]
to die,,死ぬ,(しぬ),[sound:死ぬ.wav]
字引,(じびき),Dictionary,,[sound:字引.wav]
Dictionary,,字引,(じびき),[sound:字引.wav]
自分,(じぶん),Oneself,,[sound:自分.wav]
Oneself,,自分,(じぶん),[sound:自分.wav]
閉まる,(しまる),"to close, to be closed",,[sound:閉まる.wav]
"to close, to be closed",,閉まる,(しまる),[sound:閉まる.wav]
閉める,(しめる),to close something,,[sound:閉める.wav]
to close something,,閉める,(しめる),[sound:閉める.wav]
締める,(しめる),to tie,,[sound:締める.wav]
to tie,,締める,(しめる),[sound:締める.wav]
じゃ,,well then…,,[sound:じゃ.wav]
well then…,,じゃ,,[sound:じゃ.wav]
じゃあ,,well then…,,[sound:じゃあ.wav]
well then…,,じゃあ,,[sound:じゃあ.wav]
写真,(しゃしん),photograph,,[sound:写真.wav]
photograph,,写真,(しゃしん),[sound:写真.wav]
シャツ,,Shirt,,[sound:シャツ.wav]
Shirt,,シャツ,,[sound:シャツ.wav]
シャワー,,Shower,,[sound:シャワー.wav]
Shower,,シャワー,,[sound:シャワー.wav]
十,(じゅう),Ten,,[sound:十.wav]
Ten,,十,(じゅう),[sound:十.wav]
十,(とお),Ten,,[sound:十.wav]
Ten,,十,(とお),[sound:十.wav]
授業,(じゅぎょう),"lesson, class work",,[sound:授業.wav]
"lesson, class work",,授業,(じゅぎょう),[sound:授業.wav]
宿題,(しゅくだい),homework,,[sound:宿題.wav]
homework,,宿題,(しゅくだい),[sound:宿題.wav]
上手,(じょうず),Skillful,,[sound:上手.wav]
Skillful,,上手,(じょうず),[sound:上手.wav]
丈夫,(じょうぶ),"strong, durable",,[sound:丈夫.wav]
"strong, durable",,丈夫,(じょうぶ),[sound:丈夫.wav]
しょうゆ,,soy sauce,,[sound:しょうゆ.wav]
soy sauce,,しょうゆ,,[sound:しょうゆ.wav]
食堂,(しょくどう),dining hall,,[sound:食堂.wav]
dining hall,,食堂,(しょくどう),[sound:食堂.wav]
知る,(しる),to know,,[sound:知る.wav]
to know,,知る,(しる),[sound:知る.wav]
白,(しろ),White,,[sound:白.wav]
White,,白,(しろ),[sound:白.wav]
白い,(しろい),White,,[sound:白い.wav]
White,,白い,(しろい),[sound:白い.wav]
新聞,(しんぶん),newspaper,,[sound:新聞.wav]
newspaper,,新聞,(しんぶん),[sound:新聞.wav]
水曜日,(すいようび),Wednesday,,[sound:水曜日.wav]
Wednesday,,水曜日,(すいようび),[sound:水曜日.wav]
吸う,(すう),"to smoke, to suck",,[sound:吸う.wav]
"to smoke, to suck",,吸う,(すう),[sound:吸う.wav]
スカート,,Skirt,,[sound:スカート.wav]
Skirt,,スカート,,[sound:スカート.wav]
好き,(すき),Likeable,,[sound:好き.wav]
Likeable,,好き,(すき),[sound:好き.wav]
少ない,(すくない),a few,,[sound:少ない.wav]
a few,,少ない,(すくない),[sound:少ない.wav]
すぐに,,Instantly,,[sound:すぐに.wav]
Instantly,,すぐに,,[sound:すぐに.wav]
少し,(すこし),Few,,[sound:少し.wav]
Few,,少し,(すこし),[sound:少し.wav]
涼しい,(すずしい),Refreshing,,[sound:涼しい.wav]
Refreshing,,涼しい,(すずしい),[sound:涼しい.wav]
ストーブ,,Heater,,[sound:ストーブ.wav]
Heater,,ストーブ,,[sound:ストーブ.wav]
スプーン,,Spoon,,[sound:スプーン.wav]
Spoon,,スプーン,,[sound:スプーン.wav]
スポーツ,,Sport,,[sound:スポーツ.wav]
Sport,,スポーツ,,[sound:スポーツ.wav]
ズボン,,Trousers,,[sound:ズボン.wav]
Trousers,,ズボン,,[sound:ズボン.wav]
住む,(すむ),to live in,,[sound:住む.wav]
to live in,,住む,(すむ),[sound:住む.wav]
スリッパ,,Slippers,,[sound:スリッパ.wav]
Slippers,,スリッパ,,[sound:スリッパ.wav]
為る,(する),to do,,[sound:為る.wav]
to do,,為る,(する),[sound:為る.wav]
座る,(すわる),to sit,,[sound:座る.wav]
to sit,,座る,(すわる),[sound:座る.wav]
背,(せ),"height, stature",,[sound:背.wav]
"height, stature",,背,(せ),[sound:背.wav]
生徒,(せいと),Pupil,,[sound:生徒.wav]
Pupil,,生徒,(せいと),[sound:生徒.wav]
セーター,,"sweater, jumper",,[sound:セーター.wav]
"sweater, jumper",,セーター,,[sound:セーター.wav]
石鹸,(せっけん),Economy,,[sound:石鹸.wav]
Economy,,石鹸,(せっけん),[sound:石鹸.wav]
背広,(せびろ),business suit,,[sound:背広.wav]
business suit,,背広,(せびろ),[sound:背広.wav]
狭い,(せまい),Narrow,,[sound:狭い.wav]
Narrow,,狭い,(せまい),[sound:狭い.wav]
ゼロ,,Zero,,[sound:ゼロ.wav]
Zero,,ゼロ,,[sound:ゼロ.wav]
千,(せん),Thousand,,[sound:千.wav]
Thousand,,千,(せん),[sound:千.wav]
先月,(せんげつ),last month,,[sound:先月.wav]
last month,,先月,(せんげつ),[sound:先月.wav]
先週,(せんしゅう),last week,,[sound:先週.wav]
last week,,先週,(せんしゅう),[sound:先週.wav]
先生,(せんせい),"teacher, doctor",,[sound:先生.wav]
"teacher, doctor",,先生,(せんせい),[sound:先生.wav]
洗濯,(せんたく),Washing,,[sound:洗濯.wav]
Washing,,洗濯,(せんたく),[sound:洗濯.wav]
全部,(ぜんぶ),All,,[sound:全部.wav]
All,,全部,(ぜんぶ),[sound:全部.wav]
掃除,(そうじ),"to clean, to sweep",,[sound:掃除.wav]
"to clean, to sweep",,掃除,(そうじ),[sound:掃除.wav]
そうして,,And,,[sound:そうして.wav]
And,,そうして,,[sound:そうして.wav]
そして,,And,,[sound:そして.wav]
And,,そして,,[sound:そして.wav]
其処,(そこ),that place,,[sound:其処.wav]
that place,,其処,(そこ),[sound:其処.wav]
そちら,,over there,,[sound:そちら.wav]
over there,,そちら,,[sound:そちら.wav]
そっち,,over there,,[sound:そっち.wav]
over there,,そっち,,[sound:そっち.wav]
外,(そと),Outside,,[sound:外.wav]
Outside,,外,(そと),[sound:外.wav]
其の,(その),That,,[sound:其の.wav]
That,,其の,(その),[sound:其の.wav]
側,(そば),"near, beside",,[sound:側.wav]
"near, beside",,側,(そば),[sound:側.wav]
空,(そら),Sky,,[sound:空.wav]
Sky,,空,(そら),[sound:空.wav]
それ,,that,,[sound:それ.wav]
that,,それ,,[sound:それ.wav]
それから,,after that,,[sound:それから.wav]
after that,,それから,,[sound:それから.wav]
それでは,,in that situation,,[sound:それでは.wav]
in that situation,,それでは,,[sound:それでは.wav]
大学,(だいがく),university,,[sound:大学.wav]
university,,大学,(だいがく),[sound:大学.wav]
大使館,(たいしかん),embassy,,[sound:大使館.wav]
embassy,,大使館,(たいしかん),[sound:大使館.wav]
大丈夫,(だいじょうぶ),all right,,[sound:大丈夫.wav]
all right,,大丈夫,(だいじょうぶ),[sound:大丈夫.wav]
大好き,(だいすき),to be very likeable,,[sound:大好き.wav]
to be very likeable,,大好き,(だいすき),[sound:大好き.wav]
大切,(たいせつ),important,,[sound:大切.wav]
important,,大切,(たいせつ),[sound:大切.wav]
台所,(だいどころ),kitchen,,[sound:台所.wav]
kitchen,,台所,(だいどころ),[sound:台所.wav]
大変,(たいへん),difficult situation,,[sound:大変.wav]
difficult situation,,大変,(たいへん),[sound:大変.wav]
高い,(たかい),"tall, expensive",,[sound:高い.wav]
"tall, expensive",,高い,(たかい),[sound:高い.wav]
たくさん,,many,,[sound:たくさん.wav]
many,,たくさん,,[sound:たくさん.wav]
タクシー,,taxi,,[sound:タクシー.wav]
taxi,,タクシー,,[sound:タクシー.wav]
出す,(だす),to put out,,[sound:出す.wav]
to put out,,出す,(だす),[sound:出す.wav]
立つ,(たつ),to stand,,[sound:立つ.wav]
to stand,,立つ,(たつ),[sound:立つ.wav]
縦,(たて),"length,height",,[sound:縦.wav]
"length,height",,縦,(たて),[sound:縦.wav]
建物,(たてもの),building,,[sound:建物.wav]
building,,建物,(たてもの),[sound:建物.wav]
楽しい,(たのしい),enjoyable,,[sound:楽しい.wav]
enjoyable,,楽しい,(たのしい),[sound:楽しい.wav]
頼む,(たのむ),to ask,,[sound:頼む.wav]
to ask,,頼む,(たのむ),[sound:頼む.wav]
たばこ,,"tobacco,cigarettes",,[sound:たばこ.wav]
"tobacco,cigarettes",,たばこ,,[sound:たばこ.wav]
多分,(たぶん),probably,,[sound:多分.wav]
probably,,多分,(たぶん),[sound:多分.wav]
食べ物,(たべもの),food,,[sound:食べ物.wav]
food,,食べ物,(たべもの),[sound:食べ物.wav]
食べる,(たべる),to eat,,[sound:食べる.wav]
to eat,,食べる,(たべる),[sound:食べる.wav]
卵,(たまご),egg,,[sound:卵.wav]
egg,,卵,(たまご),[sound:卵.wav]
誰,(だれ),who,,[sound:誰.wav]
who,,誰,(だれ),[sound:誰.wav]
誰か,(だれか),somebody,,[sound:誰か.wav]
somebody,,誰か,(だれか),[sound:誰か.wav]
誕生日,(たんじょうび),birthday,,[sound:誕生日.wav]
birthday,,誕生日,(たんじょうび),[sound:誕生日.wav]
だんだん,,gradually,,[sound:だんだん.wav]
gradually,,だんだん,,[sound:だんだん.wav]
小さい,(ちいさい),little,,[sound:小さい.wav]
little,,小さい,(ちいさい),[sound:小さい.wav]
小さな,(ちいさな),little,,[sound:小さな.wav]
little,,小さな,(ちいさな),[sound:小さな.wav]
近い,(ちかい),near,,[sound:近い.wav]
near,,近い,(ちかい),[sound:近い.wav]
違う,(ちがう),to differ,,[sound:違う.wav]
to differ,,違う,(ちがう),[sound:違う.wav]
近く,(ちかく),near,,[sound:近く.wav]
near,,近く,(ちかく),[sound:近く.wav]
地下鉄,(ちかてつ),underground train,,[sound:地下鉄.wav]
underground train,,地下鉄,(ちかてつ),[sound:地下鉄.wav]
地図,(ちず),map,,[sound:地図.wav]
map,,地図,(ちず),[sound:地図.wav]
茶色,(ちゃいろ),brown,,[sound:茶色.wav]
brown,,茶色,(ちゃいろ),[sound:茶色.wav]
ちゃわん,,rice bowl,,[sound:ちゃわん.wav]
rice bowl,,ちゃわん,,[sound:ちゃわん.wav]
丁度,(ちょうど),exactly,,[sound:丁度.wav]
exactly,,丁度,(ちょうど),[sound:丁度.wav]
ちょっと,,somewhat,,[sound:ちょっと.wav]
somewhat,,ちょっと,,[sound:ちょっと.wav]
一日,(ついたち),first of month,,[sound:一日.wav]
first of month,,一日,(ついたち),[sound:一日.wav]
使う,(つかう),to use,,[sound:使う.wav]
to use,,使う,(つかう),[sound:使う.wav]
疲れる,(つかれる),to get tired,,[sound:疲れる.wav]
to get tired,,疲れる,(つかれる),[sound:疲れる.wav]
次,(つぎ),next,,[sound:次.wav]
next,,次,(つぎ),[sound:次.wav]
着く,(つく),to arrive at,,[sound:着く.wav]
to arrive at,,着く,(つく),[sound:着く.wav]
机,(つくえ),desk,,[sound:机.wav]
desk,,机,(つくえ),[sound:机.wav]
作る,(つくる),to make,,[sound:作る.wav]
to make,,作る,(つくる),[sound:作る.wav]
付ける,(つける),to turn on,,[sound:付ける.wav]
to turn on,,付ける,(つける),[sound:付ける.wav]
勤める,(つとめる),to work for someone,,[sound:勤める.wav]
to work for someone,,勤める,(つとめる),[sound:勤める.wav]
つまらない,,boring,,[sound:つまらない.wav]
boring,,つまらない,,[sound:つまらない.wav]
冷たい,(つめたい),cold to the touch,,[sound:冷たい.wav]
cold to the touch,,冷たい,(つめたい),[sound:冷たい.wav]
強い,(つよい),powerful,,[sound:強い.wav]
powerful,,強い,(つよい),[sound:強い.wav]
手,(て),hand,,[sound:手.wav]
hand,,手,(て),[sound:手.wav]
テープ,,tape,,[sound:テープ.wav]
tape,,テープ,,[sound:テープ.wav]
テーブル,,table,,[sound:テーブル.wav]
table,,テーブル,,[sound:テーブル.wav]
テープレコーダー,,tape recorder,,[sound:テープレコーダー.wav]
tape recorder,,テープレコーダー,,[sound:テープレコーダー.wav]
出かける,(でかける),to go out,,[sound:出かける.wav]
to go out,,出かける,(でかける),[sound:出かける.wav]
手紙,(てがみ),letter,,[sound:手紙.wav]
letter,,手紙,(てがみ),[sound:手紙.wav]
出来る,(できる),to be able to,,[sound:出来る.wav]
to be able to,,出来る,(できる),[sound:出来る.wav]
出口,(でぐち),exit,,[sound:出口.wav]
exit,,出口,(でぐち),[sound:出口.wav]
テスト,,test,,[sound:テスト.wav]
test,,テスト,,[sound:テスト.wav]
では,,with that...,,[sound:では.wav]
with that...,,では,,[sound:では.wav]
デパート,,department store,,[sound:デパート.wav]
department store,,デパート,,[sound:デパート.wav]
でも,,but,,[sound:でも.wav]
but,,でも,,[sound:でも.wav]
出る,(でる),"to appear,to leave",,[sound:出る.wav]
"to appear,to leave",,出る,(でる),[sound:出る.wav]
テレビ,,television,,[sound:テレビ.wav]
television,,テレビ,,[sound:テレビ.wav]
天気,(てんき),weather,,[sound:天気.wav]
weather,,天気,(てんき),[sound:天気.wav]
電気,(でんき),"electricity,electric light",,[sound:電気.wav]
"electricity,electric light",,電気,(でんき),[sound:電気.wav]
電車,(でんしゃ),electric train,,[sound:電車.wav]
electric train,,電車,(でんしゃ),[sound:電車.wav]
電話,(でんわ),telephone,,[sound:電話.wav]
telephone,,電話,(でんわ),[sound:電話.wav]
戸,(と),Japanese style door,,[sound:戸.wav]
Japanese style door,,戸,(と),[sound:戸.wav]
ドア,,Western style door,,[sound:ドア.wav]
Western style door,,ドア,,[sound:ドア.wav]
トイレ,,toilet,,[sound:トイレ.wav]
toilet,,トイレ,,[sound:トイレ.wav]
如何,(どう),"how,in what way",,[sound:如何.wav]
"how,in what way",,如何,(どう),[sound:如何.wav]
どうして,,for what reason,,[sound:どうして.wav]
for what reason,,どうして,,[sound:どうして.wav]
どうぞ,,please,,[sound:どうぞ.wav]
please,,どうぞ,,[sound:どうぞ.wav]
動物,(どうぶつ),animal,,[sound:動物.wav]
animal,,動物,(どうぶつ),[sound:動物.wav]
どうも,,thanks,,[sound:どうも.wav]
thanks,,どうも,,[sound:どうも.wav]
遠い,(とおい),far,,[sound:遠い.wav]
far,,遠い,(とおい),[sound:遠い.wav]
十日,(とおか),"ten days,the tenth day",,[sound:十日.wav]
"ten days,the tenth day",,十日,(とおか),[sound:十日.wav]
時々,(ときどき),sometimes,,[sound:時々.wav]
sometimes,,時々,(ときどき),[sound:時々.wav]
時計,(とけい),"watch,clock",,[sound:時計.wav]
"watch,clock",,時計,(とけい),[sound:時計.wav]
どこ,,where,,[sound:どこ.wav]
where,,どこ,,[sound:どこ.wav]
所,(ところ),place,,[sound:所.wav]
place,,所,(ところ),[sound:所.wav]
年,(とし),year,,[sound:年.wav]
year,,年,(とし),[sound:年.wav]
図書館,(としょかん),library,,[sound:図書館.wav]
library,,図書館,(としょかん),[sound:図書館.wav]
どちら,,which of two,,[sound:どちら.wav]
which of two,,どちら,,[sound:どちら.wav]
どっち,,which,,[sound:どっち.wav]
which,,どっち,,[sound:どっち.wav]
とても,,very,,[sound:とても.wav]
very,,とても,,[sound:とても.wav]
どなた,,who,,[sound:どなた.wav]
who,,どなた,,[sound:どなた.wav]
隣,(となり),next door to,,[sound:隣.wav]
next door to,,隣,(となり),[sound:隣.wav]
何の,(どの),which,,[sound:何の.wav]
which,,何の,(どの),[sound:何の.wav]
飛ぶ,(とぶ),"to fly,to hop",,[sound:飛ぶ.wav]
"to fly,to hop",,飛ぶ,(とぶ),[sound:飛ぶ.wav]
止まる,(とまる),to come to a halt,,[sound:止まる.wav]
to come to a halt,,止まる,(とまる),[sound:止まる.wav]
友達,(ともだち),friend,,[sound:友達.wav]
friend,,友達,(ともだち),[sound:友達.wav]
土曜日,(どようび),Saturday,,[sound:土曜日.wav]
Saturday,,土曜日,(どようび),[sound:土曜日.wav]
鳥,(とり),bird,,[sound:鳥.wav]
bird,,鳥,(とり),[sound:鳥.wav]
とり肉,(とりにく),chicken meat,,[sound:とり肉.wav]
chicken meat,,とり肉,(とりにく),[sound:とり肉.wav]
取る,(とる),to take something,,[sound:取る.wav]
to take something,,取る,(とる),[sound:取る.wav]
撮る,(とる),to take a photo or record a film,,[sound:撮る.wav]
to take a photo or record a film,,撮る,(とる),[sound:撮る.wav]
どれ,,which (of three or more),,[sound:どれ.wav]
which (of three or more),,どれ,,[sound:どれ.wav]
ナイフ,,knife,,[sound:ナイフ.wav]
knife,,ナイフ,,[sound:ナイフ.wav]
中,(なか),middle,,[sound:中.wav]
middle,,中,(なか),[sound:中.wav]
長い,(ながい),long,,[sound:長い.wav]
long,,長い,(ながい),[sound:長い.wav]
鳴く,(なく),"animal noise. to chirp, roar or croak etc.",,[sound:鳴く.wav]
"animal noise. to chirp, roar or croak etc.",,鳴く,(なく),[sound:鳴く.wav]
無くす,(なくす),to lose something,,[sound:無くす.wav]
to lose something,,無くす,(なくす),[sound:無くす.wav]
なぜ,,why,,[sound:なぜ.wav]
why,,なぜ,,[sound:なぜ.wav]
夏,(なつ),summer,,[sound:夏.wav]
summer,,夏,(なつ),[sound:夏.wav]
夏休み,(なつやすみ),summer holiday,,[sound:夏休み.wav]
summer holiday,,夏休み,(なつやすみ),[sound:夏休み.wav]
など,,et cetera,,[sound:など.wav]
et cetera,,など,,[sound:など.wav]
七つ,(ななつ),seven,,[sound:七つ.wav]
seven,,七つ,(ななつ),[sound:七つ.wav]
七日,(なのか),"seven days,the seventh day",,[sound:七日.wav]
"seven days,the seventh day",,七日,(なのか),[sound:七日.wav]
名前,(なまえ),name,,[sound:名前.wav]
name,,名前,(なまえ),[sound:名前.wav]
習う,(ならう),to learn,,[sound:習う.wav]
to learn,,習う,(ならう),[sound:習う.wav]
並ぶ,(ならぶ),"to line up,to stand in a line",,[sound:並ぶ.wav]
"to line up,to stand in a line",,並ぶ,(ならぶ),[sound:並ぶ.wav]
並べる,(ならべる),"to line up,to set up",,[sound:並べる.wav]
"to line up,to set up",,並べる,(ならべる),[sound:並べる.wav]
なる,,to become,,[sound:なる.wav]
to become,,なる,,[sound:なる.wav]
何,(なん),what,,[sound:何.wav]
what,,何,(なん),[sound:何.wav]
何,(なに),what,,[sound:何.wav]
what,,何,(なに),[sound:何.wav]
二,(に),two,,[sound:二.wav]
two,,二,(に),[sound:二.wav]
賑やか,(にぎやか),"bustling,busy",,[sound:賑やか.wav]
"bustling,busy",,賑やか,(にぎやか),[sound:賑やか.wav]
肉,(にく),meat,,[sound:肉.wav]
meat,,肉,(にく),[sound:肉.wav]
西,(にし),west,,[sound:西.wav]
west,,西,(にし),[sound:西.wav]
日曜日,(にちようび),Sunday,,[sound:日曜日.wav]
Sunday,,日曜日,(にちようび),[sound:日曜日.wav]
荷物,(にもつ),luggage,,[sound:荷物.wav]
luggage,,荷物,(にもつ),[sound:荷物.wav]
ニュース,,news,,[sound:ニュース.wav]
news,,ニュース,,[sound:ニュース.wav]
庭,(にわ),garden,,[sound:庭.wav]
garden,,庭,(にわ),[sound:庭.wav]
脱ぐ,(ぬぐ),to take off clothes,,[sound:脱ぐ.wav]
to take off clothes,,脱ぐ,(ぬぐ),[sound:脱ぐ.wav]
温い,(ぬるい),luke warm,,[sound:温い.wav]
luke warm,,温い,(ぬるい),[sound:温い.wav]
ネクタイ,,"tie,necktie",,[sound:ネクタイ.wav]
"tie,necktie",,ネクタイ,,[sound:ネクタイ.wav]
猫,(ねこ),cat,,[sound:猫.wav]
cat,,猫,(ねこ),[sound:猫.wav]
寝る,(ねる),"to go to bed,to sleep",,[sound:寝る.wav]
"to go to bed,to sleep",,寝る,(ねる),[sound:寝る.wav]
ノート,,"notebook,exercise book",,[sound:ノート.wav]
"notebook,exercise book",,ノート,,[sound:ノート.wav]
登る,(のぼる),to climb,,[sound:登る.wav]
to climb,,登る,(のぼる),[sound:登る.wav]
飲み物,(のみもの),a drink,,[sound:飲み物.wav]
a drink,,飲み物,(のみもの),[sound:飲み物.wav]
飲む,(のむ),to drink,,[sound:飲む.wav]
to drink,,飲む,(のむ),[sound:飲む.wav]
乗る,(のる),"to get on,to ride",,[sound:乗る.wav]
"to get on,to ride",,乗る,(のる),[sound:乗る.wav]
歯,(は),tooth,,[sound:歯.wav]
tooth,,歯,(は),[sound:歯.wav]
パーティー,,party,,[sound:パーティー.wav]
party,,パーティー,,[sound:パーティー.wav]
はい,,yes,,[sound:はい.wav]
yes,,はい,,[sound:はい.wav]
灰皿,(はいざら),ashtray,,[sound:灰皿.wav]
ashtray,,灰皿,(はいざら),[sound:灰皿.wav]
入る,(はいる),"to enter,to contain",,[sound:入る.wav]
"to enter,to contain",,入る,(はいる),[sound:入る.wav]
葉書,(はがき),postcard,,[sound:葉書.wav]
postcard,,葉書,(はがき),[sound:葉書.wav]
履く,(はく),"to wear,to put on trousers",,[sound:履く.wav]
"to wear,to put on trousers",,履く,(はく),[sound:履く.wav]
箱,(はこ),box,,[sound:箱.wav]
box,,箱,(はこ),[sound:箱.wav]
橋,(はし),bridge,,[sound:橋.wav]
bridge,,橋,(はし),[sound:橋.wav]
箸,(はし),chopsticks,,[sound:箸.wav]
chopsticks,,箸,(はし),[sound:箸.wav]
始まる,(はじまる),to begin,,[sound:始まる.wav]
to begin,,始まる,(はじまる),[sound:始まる.wav]
初め,(はじめ),beginning,,[sound:初め.wav]
beginning,,初め,(はじめ),[sound:初め.wav]
始め,(はじめ),beginning,,[sound:始め.wav]
beginning,,始め,(はじめ),[sound:始め.wav]
初めて,(はじめて),for the first time,,[sound:初めて.wav]
for the first time,,初めて,(はじめて),[sound:初めて.wav]
走る,(はしる),to run,,[sound:走る.wav]
to run,,走る,(はしる),[sound:走る.wav]
バス,,bus,,[sound:バス.wav]
bus,,バス,,[sound:バス.wav]
バター,,butter,,[sound:バター.wav]
butter,,バター,,[sound:バター.wav]
二十歳,(はたち),"20 years old,20th year",,[sound:二十歳.wav]
"20 years old,20th year",,二十歳,(はたち),[sound:二十歳.wav]
働く,(はたらく),to work,,[sound:働く.wav]
to work,,働く,(はたらく),[sound:働く.wav]
八,(はち),eight,,[sound:八.wav]
eight,,八,(はち),[sound:八.wav]
二十日,(はつか),"twenty days,twentieth",,[sound:二十日.wav]
"twenty days,twentieth",,二十日,(はつか),[sound:二十日.wav]
花,(はな),flower,,[sound:花.wav]
flower,,花,(はな),[sound:花.wav]
鼻,(はな),nose,,[sound:鼻.wav]
nose,,鼻,(はな),[sound:鼻.wav]
話,(はなし),"talk,story",,[sound:話.wav]
"talk,story",,話,(はなし),[sound:話.wav]
話す,(はなす),to speak,,[sound:話す.wav]
to speak,,話す,(はなす),[sound:話す.wav]
早い,(はやい),early,,[sound:早い.wav]
early,,早い,(はやい),[sound:早い.wav]
速い,(はやい),quick,,[sound:速い.wav]
quick,,速い,(はやい),[sound:速い.wav]
春,(はる),spring,,[sound:春.wav]
spring,,春,(はる),[sound:春.wav]
貼る,(はる),to stick,,[sound:貼る.wav]
to stick,,貼る,(はる),[sound:貼る.wav]
晴れ,(はれ),clear weather,,[sound:晴れ.wav]
clear weather,,晴れ,(はれ),[sound:晴れ.wav]
晴れる,(はれる),to be sunny,,[sound:晴れる.wav]
to be sunny,,晴れる,(はれる),[sound:晴れる.wav]
半,(はん),half,,[sound:半.wav]
half,,半,(はん),[sound:半.wav]
晩,(ばん),evening,,[sound:晩.wav]
evening,,晩,(ばん),[sound:晩.wav]
パン,,bread,,[sound:パン.wav]
bread,,パン,,[sound:パン.wav]
ハンカチ,,handkerchief,,[sound:ハンカチ.wav]
handkerchief,,ハンカチ,,[sound:ハンカチ.wav]
番号,(ばんごう),number,,[sound:番号.wav]
number,,番号,(ばんごう),[sound:番号.wav]
晩御飯,(ばんごはん),evening meal,,[sound:晩御飯.wav]
evening meal,,晩御飯,(ばんごはん),[sound:晩御飯.wav]
半分,(はんぶん),half minute,,[sound:半分.wav]
half minute,,半分,(はんぶん),[sound:半分.wav]
東,(ひがし),east,,[sound:東.wav]
east,,東,(ひがし),[sound:東.wav]
引く,(ひく),to pull,,[sound:引く.wav]
to pull,,引く,(ひく),[sound:引く.wav]
弾く,(ひく),"to play an instrument with strings, including piano",,[sound:弾く.wav]
"to play an instrument with strings, including piano",,弾く,(ひく),[sound:弾く.wav]
低い,(ひくい),"short,low",,[sound:低い.wav]
"short,low",,低い,(ひくい),[sound:低い.wav]
飛行機,(ひこうき),aeroplane,,[sound:飛行機.wav]
aeroplane,,飛行機,(ひこうき),[sound:飛行機.wav]
左,(ひだり),left hand side,,[sound:左.wav]
left hand side,,左,(ひだり),[sound:左.wav]
人,(ひと),person,,[sound:人.wav]
person,,人,(ひと),[sound:人.wav]
一つ,(ひとつ),one,,[sound:一つ.wav]
one,,一つ,(ひとつ),[sound:一つ.wav]
一月,(ひとつき),one month,,[sound:一月.wav]
one month,,一月,(ひとつき),[sound:一月.wav]
一人,(ひとり),one person,,[sound:一人.wav]
one person,,一人,(ひとり),[sound:一人.wav]
暇,(ひま),free time,,[sound:暇.wav]
free time,,暇,(ひま),[sound:暇.wav]
百,(ひゃく),hundred,,[sound:百.wav]
hundred,,百,(ひゃく),[sound:百.wav]
病院,(びょういん),hospital,,[sound:病院.wav]
hospital,,病院,(びょういん),[sound:病院.wav]
病気,(びょうき),illness,,[sound:病気.wav]
illness,,病気,(びょうき),[sound:病気.wav]
昼,(ひる),"noon, daytime",,[sound:昼.wav]
"noon, daytime",,昼,(ひる),[sound:昼.wav]
昼御飯,(ひるごはん),midday meal,,[sound:昼御飯.wav]
midday meal,,昼御飯,(ひるごはん),[sound:昼御飯.wav]
広い,(ひろい),"spacious,wide",,[sound:広い.wav]
"spacious,wide",,広い,(ひろい),[sound:広い.wav]
フィルム,,roll of film,,[sound:フィルム.wav]
roll of film,,フィルム,,[sound:フィルム.wav]
封筒,(ふうとう),envelope,,[sound:封筒.wav]
envelope,,封筒,(ふうとう),[sound:封筒.wav]
プール,,swimming pool,,[sound:プール.wav]
swimming pool,,プール,,[sound:プール.wav]
フォーク,,fork,,[sound:フォーク.wav]
fork,,フォーク,,[sound:フォーク.wav]
吹く,(ふく),to blow,,[sound:吹く.wav]
to blow,,吹く,(ふく),[sound:吹く.wav]
服,(ふく),clothes,,[sound:服.wav]
clothes,,服,(ふく),[sound:服.wav]
二つ,(ふたつ),two,,[sound:二つ.wav]
two,,二つ,(ふたつ),[sound:二つ.wav]
豚肉,(ぶたにく),pork,,[sound:豚肉.wav]
pork,,豚肉,(ぶたにく),[sound:豚肉.wav]
二人,(ふたり),two people,,[sound:二人.wav]
two people,,二人,(ふたり),[sound:二人.wav]
二日,(ふつか),"two days, second day of the month",,[sound:二日.wav]
"two days, second day of the month",,二日,(ふつか),[sound:二日.wav]
太い,(ふとい),fat,,[sound:太い.wav]
fat,,太い,(ふとい),[sound:太い.wav]
冬,(ふゆ),winter,,[sound:冬.wav]
winter,,冬,(ふゆ),[sound:冬.wav]
降る,(ふる),"to fall, e.g. rain or snow",,[sound:降る.wav]
"to fall, e.g. rain or snow",,降る,(ふる),[sound:降る.wav]
古い,(ふるい),old (not used for people),,[sound:古い.wav]
old (not used for people),,古い,(ふるい),[sound:古い.wav]
風呂,(ふろ),bath,,[sound:風呂.wav]
bath,,風呂,(ふろ),[sound:風呂.wav]
文章,(ぶんしょう),"sentence,text",,[sound:文章.wav]
"sentence,text",,文章,(ぶんしょう),[sound:文章.wav]
ページ,,page,,[sound:ページ.wav]
page,,ページ,,[sound:ページ.wav]
下手,(へた),unskillful,,[sound:下手.wav]
unskillful,,下手,(へた),[sound:下手.wav]
ベッド,,bed,,[sound:ベッド.wav]
bed,,ベッド,,[sound:ベッド.wav]
ペット,,pet,,[sound:ペット.wav]
pet,,ペット,,[sound:ペット.wav]
部屋,(へや),room,,[sound:部屋.wav]
room,,部屋,(へや),[sound:部屋.wav]
辺,(へん),area,,[sound:辺.wav]
area,,辺,(へん),[sound:辺.wav]
ペン,,pen,,[sound:ペン.wav]
pen,,ペン,,[sound:ペン.wav]
勉強,(べんきょう),to study,,[sound:勉強.wav]
to study,,勉強,(べんきょう),[sound:勉強.wav]
便利,(べんり),"useful, convenient",,[sound:便利.wav]
"useful, convenient",,便利,(べんり),[sound:便利.wav]
帽子,(ぼうし),hat,,[sound:帽子.wav]
hat,,帽子,(ぼうし),[sound:帽子.wav]
ボールペン,,ball-point pen,,[sound:ボールペン.wav]
ball-point pen,,ボールペン,,[sound:ボールペン.wav]
ほか,,"other, the rest",,[sound:ほか.wav]
"other, the rest",,ほか,,[sound:ほか.wav]
ポケット,,pocket,,[sound:ポケット.wav]
pocket,,ポケット,,[sound:ポケット.wav]
欲しい,(ほしい),want,,[sound:欲しい.wav]
want,,欲しい,(ほしい),[sound:欲しい.wav]
ポスト,,post,,[sound:ポスト.wav]
post,,ポスト,,[sound:ポスト.wav]
細い,(ほそい),thin,,[sound:細い.wav]
thin,,細い,(ほそい),[sound:細い.wav]
ボタン,,button,,[sound:ボタン.wav]
button,,ボタン,,[sound:ボタン.wav]
ホテル,,hotel,,[sound:ホテル.wav]
hotel,,ホテル,,[sound:ホテル.wav]
本,(ほん),book,,[sound:本.wav]
book,,本,(ほん),[sound:本.wav]
本棚,(ほんだな),bookshelves,,[sound:本棚.wav]
bookshelves,,本棚,(ほんだな),[sound:本棚.wav]
本当,(ほんとう),truth,,[sound:本当.wav]
truth,,本当,(ほんとう),[sound:本当.wav]
毎朝,(まいあさ),every morning,,[sound:毎朝.wav]
every morning,,毎朝,(まいあさ),[sound:毎朝.wav]
毎月,(まいげつ),every month,,[sound:毎月.wav]
every month,,毎月,(まいげつ),[sound:毎月.wav]
毎月,(まいつき),every month,,[sound:毎月.wav]
every month,,毎月,(まいつき),[sound:毎月.wav]
毎週,(まいしゅう),every week,,[sound:毎週.wav]
every week,,毎週,(まいしゅう),[sound:毎週.wav]
毎日,(まいにち),every day,,[sound:毎日.wav]
every day,,毎日,(まいにち),[sound:毎日.wav]
毎年,(まいねん),every year,,[sound:毎年.wav]
every year,,毎年,(まいねん),[sound:毎年.wav]
毎年,(まいとし),every year,,[sound:毎年.wav]
every year,,毎年,(まいとし),[sound:毎年.wav]
毎晩,(まいばん),every night,,[sound:毎晩.wav]
every night,,毎晩,(まいばん),[sound:毎晩.wav]
前,(まえ),before,,[sound:前.wav]
before,,前,(まえ),[sound:前.wav]
曲る,(まがる),"to turn,to bend",,[sound:曲る.wav]
"to turn,to bend",,曲る,(まがる),[sound:曲る.wav]
不味い,(まずい),unpleasant,,[sound:不味い.wav]
unpleasant,,不味い,(まずい),[sound:不味い.wav]
又,(また),"again,and",,[sound:又.wav]
"again,and",,又,(また),[sound:又.wav]
まだ,,"yet,still",,[sound:まだ.wav]
"yet,still",,まだ,,[sound:まだ.wav]
町,(まち),"town,city",,[sound:町.wav]
"town,city",,町,(まち),[sound:町.wav]
待つ,(まつ),to wait,,[sound:待つ.wav]
to wait,,待つ,(まつ),[sound:待つ.wav]
まっすぐ,,"straight ahead,direct",,[sound:まっすぐ.wav]
"straight ahead,direct",,まっすぐ,,[sound:まっすぐ.wav]
マッチ,,match,,[sound:マッチ.wav]
match,,マッチ,,[sound:マッチ.wav]
窓,(まど),window,,[sound:窓.wav]
window,,窓,(まど),[sound:窓.wav]
丸い,(まるい),"round,circular",,[sound:丸い.wav]
"round,circular",,丸い,(まるい),[sound:丸い.wav]
円い,(まるい),"round,circular",,[sound:円い.wav]
"round,circular",,円い,(まるい),[sound:円い.wav]
万,(まん),ten thousand,,[sound:万.wav]
ten thousand,,万,(まん),[sound:万.wav]
万年筆,(まんねんひつ),fountain pen,,[sound:万年筆.wav]
fountain pen,,万年筆,(まんねんひつ),[sound:万年筆.wav]
磨く,(みがく),"to brush teeth, to polish",,[sound:磨く.wav]
"to brush teeth, to polish",,磨く,(みがく),[sound:磨く.wav]
右,(みぎ),right side,,[sound:右.wav]
right side,,右,(みぎ),[sound:右.wav]
短い,(みじかい),short,,[sound:短い.wav]
short,,短い,(みじかい),[sound:短い.wav]
水,(みず),water,,[sound:水.wav]
water,,水,(みず),[sound:水.wav]
店,(みせ),shop,,[sound:店.wav]
shop,,店,(みせ),[sound:店.wav]
見せる,(みせる),to show,,[sound:見せる.wav]
to show,,見せる,(みせる),[sound:見せる.wav]
道,(みち),street,,[sound:道.wav]
street,,道,(みち),[sound:道.wav]
三日,(みっか),"three days, third day of the month",,[sound:三日.wav]
"three days, third day of the month",,三日,(みっか),[sound:三日.wav]
三つ,(みっつ),three,,[sound:三つ.wav]
three,,三つ,(みっつ),[sound:三つ.wav]
緑,(みどり),green,,[sound:緑.wav]
green,,緑,(みどり),[sound:緑.wav]
皆さん,(みなさん),everyone,,[sound:皆さん.wav]
everyone,,皆さん,(みなさん),[sound:皆さん.wav]
南,(みなみ),south,,[sound:南.wav]
south,,南,(みなみ),[sound:南.wav]
耳,(みみ),ear,,[sound:耳.wav]
ear,,耳,(みみ),[sound:耳.wav]
見る,(みる),"to see, to watch",,[sound:見る.wav]
"to see, to watch",,見る,(みる),[sound:見る.wav]
観る,(みる),"to see, to watch",,[sound:観る.wav]
"to see, to watch",,観る,(みる),[sound:観る.wav]
みんな,,everyone,,[sound:みんな.wav]
everyone,,みんな,,[sound:みんな.wav]
六日,(むいか),"six days, sixth day of the month",,[sound:六日.wav]
"six days, sixth day of the month",,六日,(むいか),[sound:六日.wav]
向こう,(むこう),over there,,[sound:向こう.wav]
over there,,向こう,(むこう),[sound:向こう.wav]
難しい,(むずかしい),difficult,,[sound:難しい.wav]
difficult,,難しい,(むずかしい),[sound:難しい.wav]
六つ,(むっつ),six,,[sound:六つ.wav]
six,,六つ,(むっつ),[sound:六つ.wav]
村,(むら),village,,[sound:村.wav]
village,,村,(むら),[sound:村.wav]
目,(め),eye,,[sound:目.wav]
eye,,目,(め),[sound:目.wav]
メートル,,metre,,[sound:メートル.wav]
metre,,メートル,,[sound:メートル.wav]
眼鏡,(めがね),glasses,,[sound:眼鏡.wav]
glasses,,眼鏡,(めがね),[sound:眼鏡.wav]
もう,,already,,[sound:もう.wav]
already,,もう,,[sound:もう.wav]
もう一度,(もういちど),again,,[sound:もう一度.wav]
again,,もう一度,(もういちど),[sound:もう一度.wav]
木曜日,(もくようび),Thursday,,[sound:木曜日.wav]
Thursday,,木曜日,(もくようび),[sound:木曜日.wav]
持つ,(もつ),to hold,,[sound:持つ.wav]
to hold,,持つ,(もつ),[sound:持つ.wav]
もっと,,more,,[sound:もっと.wav]
more,,もっと,,[sound:もっと.wav]
物,(もの),thing,,[sound:物.wav]
thing,,物,(もの),[sound:物.wav]
門,(もん),gate,,[sound:門.wav]
gate,,門,(もん),[sound:門.wav]
問題,(もんだい),problem,,[sound:問題.wav]
problem,,問題,(もんだい),[sound:問題.wav]
八百屋,(やおや),greengrocer,,[sound:八百屋.wav]
greengrocer,,八百屋,(やおや),[sound:八百屋.wav]
野菜,(やさい),vegetable,,[sound:野菜.wav]
vegetable,,野菜,(やさい),[sound:野菜.wav]
易しい,(やさしい),"easy, simple",,[sound:易しい.wav]
"easy, simple",,易しい,(やさしい),[sound:易しい.wav]
安い,(やすい),cheap,,[sound:安い.wav]
cheap,,安い,(やすい),[sound:安い.wav]
休み,(やすみ),"rest,holiday",,[sound:休み.wav]
"rest,holiday",,休み,(やすみ),[sound:休み.wav]
休む,(やすむ),to rest,,[sound:休む.wav]
to rest,,休む,(やすむ),[sound:休む.wav]
八つ,(やっつ),eight,,[sound:八つ.wav]
eight,,八つ,(やっつ),[sound:八つ.wav]
山,(やま),mountain,,[sound:山.wav]
mountain,,山,(やま),[sound:山.wav]
遣る,(やる),to do,,[sound:遣る.wav]
to do,,遣る,(やる),[sound:遣る.wav]
夕方,(ゆうがた),evening,,[sound:夕方.wav]
evening,,夕方,(ゆうがた),[sound:夕方.wav]
夕飯,(ゆうはん),dinner,,[sound:夕飯.wav]
dinner,,夕飯,(ゆうはん),[sound:夕飯.wav]
郵便局,(ゆうびんきょく),post office,,[sound:郵便局.wav]
post office,,郵便局,(ゆうびんきょく),[sound:郵便局.wav]
昨夜,(ゆうべ),last night,,[sound:昨夜.wav]
last night,,昨夜,(ゆうべ),[sound:昨夜.wav]
有名,(ゆうめい),famous,,[sound:有名.wav]
famous,,有名,(ゆうめい),[sound:有名.wav]
雪,(ゆき),snow,,[sound:雪.wav]
snow,,雪,(ゆき),[sound:雪.wav]
行く,(ゆく),to go,,[sound:行く.wav]
to go,,行く,(ゆく),[sound:行く.wav]
ゆっくり,,slowly,,[sound:ゆっくり.wav]
slowly,,ゆっくり,,[sound:ゆっくり.wav]
八日,(ようか),"eight days, eighth day of the month",,[sound:八日.wav]
"eight days, eighth day of the month",,八日,(ようか),[sound:八日.wav]
洋服,(ようふく),western-style clothes,,[sound:洋服.wav]
western-style clothes,,洋服,(ようふく),[sound:洋服.wav]
良く,(よく),"often, well",,[sound:良く.wav]
"often, well",,良く,(よく),[sound:良く.wav]
横,(よこ),"beside,side,width",,[sound:横.wav]
"beside,side,width",,横,(よこ),[sound:横.wav]
四日,(よっか),"four days, fouth day of the month",,[sound:四日.wav]
"four days, fouth day of the month",,四日,(よっか),[sound:四日.wav]
四つ,(よっつ),four,,[sound:四つ.wav]
four,,四つ,(よっつ),[sound:四つ.wav]
呼ぶ,(よぶ),"to call out,to invite",,[sound:呼ぶ.wav]
"to call out,to invite",,呼ぶ,(よぶ),[sound:呼ぶ.wav]
読む,(よむ),to read,,[sound:読む.wav]
to read,,読む,(よむ),[sound:読む.wav]
夜,(よる),"evening,night",,[sound:夜.wav]
"evening,night",,夜,(よる),[sound:夜.wav]
弱い,(よわい),weak,,[sound:弱い.wav]
weak,,弱い,(よわい),[sound:弱い.wav]
来月,(らいげつ),next month,,[sound:来月.wav]
next month,,来月,(らいげつ),[sound:来月.wav]
来週,(らいしゅう),next week,,[sound:来週.wav]
next week,,来週,(らいしゅう),[sound:来週.wav]
来年,(らいねん),next year,,[sound:来年.wav]
next year,,来年,(らいねん),[sound:来年.wav]
ラジオ,,radio,,[sound:ラジオ.wav]
radio,,ラジオ,,[sound:ラジオ.wav]
ラジカセ,,radio cassette player,,[sound:ラジカセ.wav]
radio cassette player,,ラジカセ,,[sound:ラジカセ.wav]
ラジオカセット,,radio cassette player,,[sound:ラジオカセット.wav]
radio cassette player,,ラジオカセット,,[sound:ラジオカセット.wav]
立派,(りっぱ),splendid,,[sound:立派.wav]
splendid,,立派,(りっぱ),[sound:立派.wav]
留学生,(りゅうがくせい),overseas student,,[sound:留学生.wav]
overseas student,,留学生,(りゅうがくせい),[sound:留学生.wav]
両親,(りょうしん),both parents,,[sound:両親.wav]
both parents,,両親,(りょうしん),[sound:両親.wav]
料理,(りょうり),cuisine,,[sound:料理.wav]
cuisine,,料理,(りょうり),[sound:料理.wav]
旅行,(りょこう),travel,,[sound:旅行.wav]
travel,,旅行,(りょこう),[sound:旅行.wav]
零,(れい),zero,,[sound:零.wav]
zero,,零,(れい),[sound:零.wav]
冷蔵庫,(れいぞうこ),refrigerator,,[sound:冷蔵庫.wav]
refrigerator,,冷蔵庫,(れいぞうこ),[sound:冷蔵庫.wav]
レコード,,record,,[sound:レコード.wav]
record,,レコード,,[sound:レコード.wav]
レストラン,,restaurant,,[sound:レストラン.wav]
restaurant,,レストラン,,[sound:レストラン.wav]
練習,(れんしゅう),to practice,,[sound:練習.wav]
to practice,,練習,(れんしゅう),[sound:練習.wav]
廊下,(ろうか),corridor,,[sound:廊下.wav]
corridor,,廊下,(ろうか),[sound:廊下.wav]
六,(ろく),six,,[sound:六.wav]
six,,六,(ろく),[sound:六.wav]
ワイシャツ,,business shirt,,[sound:ワイシャツ.wav]
business shirt,,ワイシャツ,,[sound:ワイシャツ.wav]
若い,(わかい),young,,[sound:若い.wav]
young,,若い,(わかい),[sound:若い.wav]
分かる,(わかる),to be understood,,[sound:分かる.wav]
to be understood,,分かる,(わかる),[sound:分かる.wav]
忘れる,(わすれる),to forget,,[sound:忘れる.wav]
to forget,,忘れる,(わすれる),[sound:忘れる.wav]
私,(わたくし),"(humble) I,myself",,[sound:私.wav]
"(humble) I,myself",,私,(わたくし),[sound:私.wav]
私,(わたし),"I,myself",,[sound:私.wav]
"I,myself",,私,(わたし),[sound:私.wav]
渡す,(わたす),to hand over,,[sound:渡す.wav]
to hand over,,渡す,(わたす),[sound:渡す.wav]
渡る,(わたる),to go across,,[sound:渡る.wav]
to go across,,渡る,(わたる),[sound:渡る.wav]
悪い,(わるい),bad,,[sound:悪い.wav]
bad,,悪い,(わるい),[sound:悪い.wav]
より,,Used for comparison.,,[sound:より.wav]
Used for comparison.,,より,,[sound:より.wav]
方,(ほう),Used for comparison.,,[sound:方.wav]
Used for comparison.,,方,(ほう),[sound:方.wav]
